-- MySQL Script generated by MySQL Workbench
-- qui 28 ago 2025 08:34:15
-- Model: New Model    Version: 1.0
-- MySQL Workbench Forward Engineering

SET @OLD_UNIQUE_CHECKS=@@UNIQUE_CHECKS, UNIQUE_CHECKS=0;
SET @OLD_FOREIGN_KEY_CHECKS=@@FOREIGN_KEY_CHECKS, FOREIGN_KEY_CHECKS=0;
SET @OLD_SQL_MODE=@@SQL_MODE, SQL_MODE='ONLY_FULL_GROUP_BY,STRICT_TRANS_TABLES,NO_ZERO_IN_DATE,NO_ZERO_DATE,ERROR_FOR_DIVISION_BY_ZERO,NO_ENGINE_SUBSTITUTION';

-- -----------------------------------------------------
-- Schema banco_pokemon
-- -----------------------------------------------------

-- -----------------------------------------------------
-- Schema banco_pokemon
-- -----------------------------------------------------
CREATE SCHEMA IF NOT EXISTS `banco_pokemon` ;
USE `banco_pokemon` ;

-- -----------------------------------------------------
-- Table `banco_pokemon`.`pokemon`
-- -----------------------------------------------------
CREATE TABLE IF NOT EXISTS `banco_pokemon`.`pokemon` (
  `idpokemon` INT NOT NULL AUTO_INCREMENT,
  `national` INT NOT NULL,
  `nome` VARCHAR(45) NOT NULL,
  `gen` INT NOT NULL,
  `imagem` VARCHAR(255) NULL,
  PRIMARY KEY (`idpokemon`),
  UNIQUE INDEX `idpokemon_UNIQUE` (`idpokemon` ASC) VISIBLE,
  UNIQUE INDEX `national_UNIQUE` (`national` ASC) VISIBLE,
  UNIQUE INDEX `imagem_UNIQUE` (`imagem` ASC) VISIBLE,
  UNIQUE INDEX `nome_UNIQUE` (`nome` ASC) VISIBLE)
ENGINE = InnoDB;


-- -----------------------------------------------------
-- Table `banco_pokemon`.`stats`
-- -----------------------------------------------------
CREATE TABLE IF NOT EXISTS `banco_pokemon`.`stats` (
  `idstats` INT NOT NULL AUTO_INCREMENT,
  `hp` INT NOT NULL,
  `attack` INT NOT NULL,
  `defense` INT NOT NULL,
  `sp_attack` INT NOT NULL,
  `sp_defense` INT NOT NULL,
  `speed` INT NOT NULL,
  `idpokemon` INT NOT NULL,
  PRIMARY KEY (`idstats`),
  UNIQUE INDEX `idstats_UNIQUE` (`idstats` ASC) VISIBLE,
  INDEX `fk_stats_pokemon1_idx` (`idpokemon` ASC) VISIBLE,
  CONSTRAINT `fk_stats_pokemon1`
    FOREIGN KEY (`idpokemon`)
    REFERENCES `banco_pokemon`.`pokemon` (`idpokemon`)
    ON DELETE NO ACTION
    ON UPDATE NO ACTION)
ENGINE = InnoDB;


-- -----------------------------------------------------
-- Table `banco_pokemon`.`types`
-- -----------------------------------------------------
CREATE TABLE IF NOT EXISTS `banco_pokemon`.`types` (
  `idtypes` INT NOT NULL AUTO_INCREMENT,
  `nome` VARCHAR(45) NOT NULL,
  PRIMARY KEY (`idtypes`),
  UNIQUE INDEX `idtypes_UNIQUE` (`idtypes` ASC) VISIBLE)
ENGINE = InnoDB;


-- -----------------------------------------------------
-- Table `banco_pokemon`.`build`
-- -----------------------------------------------------
CREATE TABLE IF NOT EXISTS `banco_pokemon`.`build` (
  `idbuild` INT NOT NULL AUTO_INCREMENT,
  `nome` VARCHAR(45) NOT NULL,
  `idpokemon` INT NOT NULL,
  PRIMARY KEY (`idbuild`),
  UNIQUE INDEX `idbuild_UNIQUE` (`idbuild` ASC) VISIBLE,
  INDEX `fk_build_pokemon1_idx` (`idpokemon` ASC) VISIBLE,
  CONSTRAINT `fk_build_pokemon1`
    FOREIGN KEY (`idpokemon`)
    REFERENCES `banco_pokemon`.`pokemon` (`idpokemon`)
    ON DELETE NO ACTION
    ON UPDATE NO ACTION)
ENGINE = InnoDB;


-- -----------------------------------------------------
-- Table `banco_pokemon`.`usuario`
-- -----------------------------------------------------
CREATE TABLE IF NOT EXISTS `banco_pokemon`.`usuario` (
  `idusuario` INT NOT NULL AUTO_INCREMENT,
  `email` VARCHAR(45) NOT NULL,
  `senha` VARCHAR(100) NOT NULL,
  `Tipo` CHAR(1) NOT NULL,
  PRIMARY KEY (`idusuario`),
  UNIQUE INDEX `idusuario_UNIQUE` (`idusuario` ASC) VISIBLE,
  UNIQUE INDEX `email_UNIQUE` (`email` ASC) VISIBLE)
ENGINE = InnoDB;


-- -----------------------------------------------------
-- Table `banco_pokemon`.`pokemon_has_types`
-- -----------------------------------------------------
CREATE TABLE IF NOT EXISTS `banco_pokemon`.`pokemon_has_types` (
  `idpokemon` INT NOT NULL,
  `idtypes` INT NOT NULL,
  PRIMARY KEY (`idpokemon`, `idtypes`),
  INDEX `fk_pokemon_has_types_types1_idx` (`idtypes` ASC) VISIBLE,
  INDEX `fk_pokemon_has_types_pokemon_idx` (`idpokemon` ASC) VISIBLE,
  CONSTRAINT `fk_pokemon_has_types_pokemon`
    FOREIGN KEY (`idpokemon`)
    REFERENCES `banco_pokemon`.`pokemon` (`idpokemon`)
    ON DELETE NO ACTION
    ON UPDATE NO ACTION,
  CONSTRAINT `fk_pokemon_has_types_types1`
    FOREIGN KEY (`idtypes`)
    REFERENCES `banco_pokemon`.`types` (`idtypes`)
    ON DELETE NO ACTION
    ON UPDATE NO ACTION)
ENGINE = InnoDB;


-- -----------------------------------------------------
-- Table `banco_pokemon`.`perfil`
-- -----------------------------------------------------
CREATE TABLE IF NOT EXISTS `banco_pokemon`.`perfil` (
  `idperfil` INT NOT NULL AUTO_INCREMENT,
  `nome` VARCHAR(45) NOT NULL,
  `pokemon_fav` VARCHAR(45) NULL,
  `descricao` VARCHAR(45) NULL,
  `idusuario` INT NOT NULL,
  PRIMARY KEY (`idperfil`),
  UNIQUE INDEX `idperfil_UNIQUE` (`idperfil` ASC) VISIBLE,
  UNIQUE INDEX `nome_UNIQUE` (`nome` ASC) VISIBLE,
  INDEX `fk_perfil_usuario1_idx` (`idusuario` ASC) VISIBLE,
  CONSTRAINT `fk_perfil_usuario1`
    FOREIGN KEY (`idusuario`)
    REFERENCES `banco_pokemon`.`usuario` (`idusuario`)
    ON DELETE NO ACTION
    ON UPDATE NO ACTION)
ENGINE = InnoDB;


-- -----------------------------------------------------
-- Table `banco_pokemon`.`suporte`
-- -----------------------------------------------------
CREATE TABLE IF NOT EXISTS `banco_pokemon`.`suporte` (
  `idsuporte` INT NOT NULL AUTO_INCREMENT,
  `reclamacao` VARCHAR(150) NULL,
  `sugestao` VARCHAR(150) NULL,
  `idusuario` INT NOT NULL,
  PRIMARY KEY (`idsuporte`),
  UNIQUE INDEX `idsuporte_UNIQUE` (`idsuporte` ASC) VISIBLE,
  INDEX `fk_suporte_usuario1_idx` (`idusuario` ASC) VISIBLE,
  CONSTRAINT `fk_suporte_usuario1`
    FOREIGN KEY (`idusuario`)
    REFERENCES `banco_pokemon`.`usuario` (`idusuario`)
    ON DELETE NO ACTION
    ON UPDATE NO ACTION)
ENGINE = InnoDB;


-- -----------------------------------------------------
-- Table `banco_pokemon`.`treinador`
-- -----------------------------------------------------
CREATE TABLE IF NOT EXISTS `banco_pokemon`.`treinador` (
  `idtreinador` INT NOT NULL AUTO_INCREMENT,
  `nome` VARCHAR(60) NOT NULL,
  `idade` INT NOT NULL,
  `genero` VARCHAR(20) NOT NULL,
  `cidade` VARCHAR(100) NULL,
  `regiao` VARCHAR(100) NULL,
  `time_atual` TEXT NULL,
  `data_cadastro` DATE NOT NULL,
  `idpokemon` INT NOT NULL,
  PRIMARY KEY (`idtreinador`),
  UNIQUE INDEX `idtreinador_UNIQUE` (`idtreinador` ASC) VISIBLE,
  INDEX `fk_treinador_pokemon1_idx` (`idpokemon` ASC) VISIBLE,
  CONSTRAINT `fk_treinador_pokemon1`
    FOREIGN KEY (`idpokemon`)
    REFERENCES `banco_pokemon`.`pokemon` (`idpokemon`)
    ON DELETE NO ACTION
    ON UPDATE NO ACTION)
ENGINE = InnoDB;


SET SQL_MODE=@OLD_SQL_MODE;
SET FOREIGN_KEY_CHECKS=@OLD_FOREIGN_KEY_CHECKS;
SET UNIQUE_CHECKS=@OLD_UNIQUE_CHECKS;

INSERT INTO types (nome) VALUES
('Normal'),
('Water'),
('Fire'),
('Electric'),
('Grass'),
('Ice'),
('Fighting'),
('Poison'),
('Ground'),
('Flying'),
('Psychic'),
('Bug'),
('Rock'),
('Ghost'),
('Dragon'),
('Dark'),
('Steel'),
('Fairy');


INSERT INTO pokemon (national, nome, gen, imagem) VALUES
(1, 'Bulbasaur', 1, NULL),
(2, 'Ivysaur', 1, NULL),
(3, 'Venusaur', 1, NULL),
(4, 'Charmander', 1, NULL),
(5, 'Charmeleon', 1, NULL),
(6, 'Charizard', 1, NULL),
(7, 'Squirtle', 1, NULL),
(8, 'Wartortle', 1, NULL),
(9, 'Blastoise', 1, NULL),
(10, 'Caterpie', 1, NULL),
(11, 'Metapod', 1, NULL),
(12, 'Butterfree', 1, NULL),
(13, 'Weedle', 1, NULL),
(14, 'Kakuna', 1, NULL),
(15, 'Beedrill', 1, NULL),
(16, 'Pidgey', 1, NULL),
(17, 'Pidgeotto', 1, NULL),
(18, 'Pidgeot', 1, NULL),
(19, 'Rattata', 1, NULL),
(20, 'Raticate', 1, NULL),
(21, 'Spearow', 1, NULL),
(22, 'Fearow', 1, NULL),
(23, 'Ekans', 1, NULL),
(24, 'Arbok', 1, NULL),
(25, 'Pikachu', 1, NULL),
(26, 'Raichu', 1, NULL),
(27, 'Sandshrew', 1, NULL),
(28, 'Sandslash', 1, NULL),
(29, 'Nidoran♀', 1, NULL),
(30, 'Nidorina', 1, NULL),
(31, 'Nidoqueen', 1, NULL),
(32, 'Nidoran♂', 1, NULL),
(33, 'Nidorino', 1, NULL),
(34, 'Nidoking', 1, NULL),
(35, 'Clefairy', 1, NULL),
(36, 'Clefable', 1, NULL),
(37, 'Vulpix', 1, NULL),
(38, 'Ninetales', 1, NULL),
(39, 'Jigglypuff', 1, NULL),
(40, 'Wigglytuff', 1, NULL),
(41, 'Zubat', 1, NULL),
(42, 'Golbat', 1, NULL),
(43, 'Oddish', 1, NULL),
(44, 'Gloom', 1, NULL),
(45, 'Vileplume', 1, NULL),
(46, 'Paras', 1, NULL),
(47, 'Parasect', 1, NULL),
(48, 'Venonat', 1, NULL),
(49, 'Venomoth', 1, NULL),
(50, 'Diglett', 1, NULL),
(51, 'Dugtrio', 1, NULL),
(52, 'Meowth', 1, NULL),
(53, 'Persian', 1, NULL),
(54, 'Psyduck', 1, NULL),
(55, 'Golduck', 1, NULL),
(56, 'Mankey', 1, NULL),
(57, 'Primeape', 1, NULL),
(58, 'Growlithe', 1, NULL),
(59, 'Arcanine', 1, NULL),
(60, 'Poliwag', 1, NULL),
(61, 'Poliwhirl', 1, NULL),
(62, 'Poliwrath', 1, NULL),
(63, 'Abra', 1, NULL),
(64, 'Kadabra', 1, NULL),
(65, 'Alakazam', 1, NULL),
(66, 'Machop', 1, NULL),
(67, 'Machoke', 1, NULL),
(68, 'Machamp', 1, NULL),
(69, 'Bellsprout', 1, NULL),
(70, 'Weepinbell', 1, NULL),
(71, 'Victreebel', 1, NULL),
(72, 'Tentacool', 1, NULL),
(73, 'Tentacruel', 1, NULL),
(74, 'Geodude', 1, NULL),
(75, 'Graveler', 1, NULL),
(76, 'Golem', 1, NULL),
(77, 'Ponyta', 1, NULL),
(78, 'Rapidash', 1, NULL),
(79, 'Slowpoke', 1, NULL),
(80, 'Slowbro', 1, NULL),
(81, 'Magnemite', 1, NULL),
(82, 'Magneton', 1, NULL),
(83, 'Farfetch’d', 1, NULL),
(84, 'Doduo', 1, NULL),
(85, 'Dodrio', 1, NULL),
(86, 'Seel', 1, NULL),
(87, 'Dewgong', 1, NULL),
(88, 'Grimer', 1, NULL),
(89, 'Muk', 1, NULL),
(90, 'Shellder', 1, NULL),
(91, 'Cloyster', 1, NULL),
(92, 'Gastly', 1, NULL),
(93, 'Haunter', 1, NULL),
(94, 'Gengar', 1, NULL),
(95, 'Onix', 1, NULL),
(96, 'Drowzee', 1, NULL),
(97, 'Hypno', 1, NULL),
(98, 'Krabby', 1, NULL),
(99, 'Kingler', 1, NULL),
(100, 'Voltorb', 1, NULL),
(101, 'Electrode', 1, NULL),
(102, 'Exeggcute', 1, NULL),
(103, 'Exeggutor', 1, NULL),
(104, 'Cubone', 1, NULL),
(105, 'Marowak', 1, NULL),
(106, 'Hitmonlee', 1, NULL),
(107, 'Hitmonchan', 1, NULL),
(108, 'Lickitung', 1, NULL),
(109, 'Koffing', 1, NULL),
(110, 'Weezing', 1, NULL),
(111, 'Rhyhorn', 1, NULL),
(112, 'Rhydon', 1, NULL),
(113, 'Chansey', 1, NULL),
(114, 'Tangela', 1, NULL),
(115, 'Kangaskhan', 1, NULL),
(116, 'Horsea', 1, NULL),
(117, 'Seadra', 1, NULL),
(118, 'Goldeen', 1, NULL),
(119, 'Seaking', 1, NULL),
(120, 'Staryu', 1, NULL),
(121, 'Starmie', 1, NULL),
(122, 'Mr. Mime', 1, NULL),
(123, 'Scyther', 1, NULL),
(124, 'Jynx', 1, NULL),
(125, 'Electabuzz', 1, NULL),
(126, 'Magmar', 1, NULL),
(127, 'Pinsir', 1, NULL),
(128, 'Tauros', 1, NULL),
(129, 'Magikarp', 1, NULL),
(130, 'Gyarados', 1, NULL),
(131, 'Lapras', 1, NULL),
(132, 'Ditto', 1, NULL),
(133, 'Eevee', 1, NULL),
(134, 'Vaporeon', 1, NULL),
(135, 'Jolteon', 1, NULL),
(136, 'Flareon', 1, NULL),
(137, 'Porygon', 1, NULL),
(138, 'Omanyte', 1, NULL),
(139, 'Omastar', 1, NULL),
(140, 'Kabuto', 1, NULL),
(141, 'Kabutops', 1, NULL),
(142, 'Aerodactyl', 1, NULL),
(143, 'Snorlax', 1, NULL),
(144, 'Articuno', 1, NULL),
(145, 'Zapdos', 1, NULL),
(146, 'Moltres', 1, NULL),
(147, 'Dratini', 1, NULL),
(148, 'Dragonair', 1, NULL),
(149, 'Dragonite', 1, NULL),
(150, 'Mewtwo', 1, NULL),
(151, 'Mew', 1, NULL);

-- Pokémon 1 a 50
INSERT INTO stats (hp, attack, defense, sp_attack, sp_defense, speed, idpokemon) VALUES
(45, 49, 49, 65, 65, 45, 1),    -- Bulbasaur
(60, 62, 63, 80, 80, 60, 2),    -- Ivysaur
(80, 82, 83, 100, 100, 80, 3),  -- Venusaur
(39, 52, 43, 60, 50, 65, 4),    -- Charmander
(58, 64, 58, 80, 65, 80, 5),    -- Charmeleon
(78, 84, 78, 109, 85, 100, 6),  -- Charizard
(44, 48, 65, 50, 64, 43, 7),    -- Squirtle
(59, 63, 80, 65, 80, 58, 8),    -- Wartortle
(79, 83, 100, 85, 105, 78, 9),  -- Blastoise
(45, 30, 35, 20, 20, 45, 10),   -- Caterpie
(50, 20, 55, 25, 25, 30, 11),   -- Metapod
(60, 45, 50, 90, 80, 70, 12),   -- Butterfree
(40, 35, 30, 20, 20, 50, 13),   -- Weedle
(45, 25, 50, 25, 25, 35, 14),   -- Kakuna
(65, 90, 40, 45, 80, 75, 15),   -- Beedrill
(40, 45, 40, 35, 35, 56, 16),   -- Pidgey
(63, 60, 55, 50, 50, 71, 17),   -- Pidgeotto
(83, 80, 75, 70, 70, 101, 18),  -- Pidgeot
(30, 56, 35, 25, 35, 72, 19),   -- Rattata
(55, 81, 60, 50, 70, 97, 20),   -- Raticate
(40, 60, 30, 31, 31, 70, 21),   -- Spearow
(65, 90, 65, 61, 61, 100, 22),  -- Fearow
(35, 60, 44, 40, 54, 55, 23),   -- Ekans
(60, 85, 69, 65, 79, 80, 24),   -- Arbok
(35, 55, 40, 50, 50, 90, 25),   -- Pikachu
(60, 90, 55, 90, 80, 110, 26),  -- Raichu
(50, 75, 85, 20, 30, 40, 27),   -- Sandshrew
(75, 100, 110, 45, 55, 65, 28), -- Sandslash
(55, 47, 52, 40, 40, 41, 29),   -- Nidoran♀
(70, 62, 67, 55, 55, 56, 30),   -- Nidorina
(90, 92, 87, 75, 85, 76, 31),   -- Nidoqueen
(46, 57, 40, 40, 40, 50, 32),   -- Nidoran♂
(61, 72, 57, 55, 55, 65, 33),   -- Nidorino
(81, 102, 77, 85, 75, 85, 34),  -- Nidoking
(70, 45, 48, 60, 65, 35, 35),   -- Clefairy
(95, 70, 73, 95, 90, 60, 36),   -- Clefable
(38, 41, 40, 50, 65, 65, 37),   -- Vulpix
(73, 76, 75, 81, 100, 100, 38), -- Ninetales
(115, 45, 20, 45, 25, 20, 39),  -- Jigglypuff
(140, 70, 45, 85, 50, 45, 40),  -- Wigglytuff
(40, 45, 35, 30, 40, 55, 41),   -- Zubat
(75, 80, 70, 65, 75, 90, 42),   -- Golbat
(45, 50, 55, 75, 65, 30, 43),   -- Oddish
(60, 65, 70, 85, 75, 40, 44),   -- Gloom
(75, 80, 85, 110, 90, 50, 45),  -- Vileplume
(35, 70, 55, 45, 55, 25, 46),   -- Paras
(60, 95, 80, 60, 80, 30, 47),   -- Parasect
(60, 55, 50, 40, 55, 45, 48),   -- Venonat
(70, 65, 60, 90, 75, 90, 49),   -- Venomoth
(10, 55, 25, 35, 45, 95, 50),   -- Diglett
(35, 100, 50, 50, 70, 120, 51),  -- Dugtrio
(40, 45, 35, 40, 40, 90, 52),    -- Meowth
(65, 70, 60, 65, 65, 115, 53),   -- Persian
(50, 52, 48, 65, 50, 55, 54),    -- Psyduck
(80, 82, 78, 95, 80, 85, 55),    -- Golduck
(40, 80, 35, 35, 45, 70, 56),    -- Mankey
(65, 105, 60, 60, 70, 95, 57),   -- Primeape
(50, 75, 85, 20, 30, 40, 58),    -- Growlithe
(90, 110, 80, 100, 80, 95, 59),  -- Arcanine
(40, 45, 35, 70, 55, 70, 60),    -- Poliwag
(65, 65, 65, 50, 50, 90, 61),    -- Poliwhirl
(90, 95, 95, 70, 90, 70, 62),    -- Poliwrath
(25, 20, 15, 105, 55, 90, 63),   -- Abra
(40, 35, 30, 120, 70, 105, 64),  -- Kadabra
(55, 50, 45, 135, 95, 120, 65),  -- Alakazam
(60, 60, 75, 50, 75, 30, 66),    -- Machop
(80, 100, 70, 50, 70, 45, 67),   -- Machoke
(90, 130, 80, 65, 85, 55, 68),   -- Machamp
(50, 50, 40, 40, 40, 90, 69),    -- Bellsprout
(65, 65, 55, 85, 70, 90, 70),    -- Weepinbell
(80, 105, 65, 100, 70, 70, 71),  -- Victreebel
(40, 40, 35, 50, 100, 70, 72),   -- Tentacool
(80, 70, 65, 80, 120, 100, 73),  -- Tentacruel
(40, 80, 100, 30, 30, 20, 74),   -- Geodude
(55, 95, 115, 45, 45, 35, 75),   -- Graveler
(80, 120, 130, 55, 65, 45, 76),  -- Golem
(50, 65, 64, 44, 48, 43, 77),    -- Ponyta
(65, 100, 70, 80, 80, 105, 78),  -- Rapidash
(65, 45, 55, 45, 70, 45, 79),    -- Slowpoke
(95, 75, 110, 100, 80, 30, 80),  -- Slowbro
(25, 35, 70, 95, 55, 45, 81),    -- Magnemite
(50, 60, 95, 120, 70, 70, 82),   -- Magneton
(52, 65, 55, 58, 62, 60, 83),    -- Farfetch’d
(35, 85, 45, 35, 35, 75, 84),    -- Doduo
(60, 110, 70, 60, 60, 100, 85),  -- Dodrio
(65, 60, 70, 85, 75, 40, 86),    -- Seel
(90, 70, 80, 95, 95, 70, 87),    -- Dewgong
(80, 80, 50, 40, 50, 25, 88),    -- Grimer
(65, 90, 75, 65, 100, 50, 89),   -- Muk
(40, 45, 65, 100, 120, 90, 90),  -- Shellder
(50, 95, 180, 85, 45, 70, 91),   -- Cloyster
(30, 65, 100, 45, 25, 40, 92),   -- Gastly
(45, 50, 45, 115, 55, 95, 93),   -- Haunter
(60, 65, 60, 130, 75, 110, 94),  -- Gengar
(35, 60, 44, 40, 54, 55, 95),    -- Onix
(50, 50, 95, 40, 50, 35, 96),    -- Drowzee
(85, 73, 70, 73, 115, 67, 97),   -- Hypno
(60, 65, 60, 130, 75, 110, 98),  -- Krabby
(55, 130, 115, 50, 50, 75, 99),  -- Kingler
(40, 30, 50, 55, 55, 100, 100),  -- Voltorb
(60, 50, 70, 80, 80, 140, 101),   -- Electrode
(65, 83, 57, 95, 85, 105, 102),  -- Exeggcute
(95, 95, 85, 125, 75, 55, 103),  -- Exeggutor
(65, 55, 95, 60, 45, 85, 104),   -- Cubone
(60, 80, 110, 50, 80, 45, 105),  -- Marowak
(130, 85, 80, 85, 95, 60, 106),  -- Hitmonlee
(50, 105, 79, 35, 110, 76, 107), -- Hitmonchan
(90, 75, 75, 70, 70, 100, 108),  -- Lickitung
(40, 80, 100, 30, 30, 20, 109),  -- Koffing
(65, 90, 120, 85, 70, 60, 110),  -- Weezing
(60, 85, 60, 50, 50, 125, 111),  -- Rhyhorn
(105, 130, 120, 45, 45, 40, 112),-- Rhydon
(30, 65, 100, 45, 25, 40, 113),  -- Chansey
(65, 60, 70, 85, 75, 40, 114),   -- Tangela
(65, 130, 60, 95, 110, 65, 115), -- Kangaskhan
(65, 60, 70, 85, 75, 90, 116),   -- Horsea
(55, 65, 95, 95, 95, 85, 117),   -- Seadra
(45, 67, 60, 35, 50, 63, 118),   -- Goldeen
(80, 92, 65, 65, 80, 68, 119),   -- Seaking
(75, 95, 95, 85, 95, 85, 120),   -- Staryu
(60, 75, 85, 100, 85, 115, 121), -- Starmie
(130, 65, 60, 110, 95, 65, 122), -- Mr. Mime
(65, 55, 115, 100, 40, 60, 123), -- Scyther
(65, 50, 70, 80, 80, 105, 124),  -- Jynx
(65, 83, 57, 95, 85, 105, 125),  -- Electabuzz
(65, 95, 57, 100, 85, 93, 126),  -- Magmar
(65, 55, 115, 100, 40, 60, 127), -- Pinsir
(75, 100, 95, 40, 60, 45, 128),  -- Tauros
(250, 5, 5, 35, 105, 50, 129),   -- Magikarp
(95, 125, 79, 60, 100, 81, 130), -- Gyarados
(130, 85, 80, 85, 95, 60, 131),  -- Lapras
(48, 48, 48, 48, 48, 48, 132),   -- Ditto
(190, 33, 58, 33, 58, 33, 133),  -- Eevee
(130, 65, 60, 110, 95, 65, 134), -- Vaporeon
(65, 65, 60, 130, 95, 110, 135), -- Jolteon
(65, 130, 60, 95, 110, 65, 136), -- Flareon
(65, 60, 70, 85, 75, 90, 137),   -- Porygon
(105, 95, 80, 40, 80, 90, 138),  -- Omanyte
(70, 60, 125, 115, 70, 55, 139), -- Omastar
(30, 80, 90, 55, 45, 55, 140),   -- Kabuto
(60, 115, 105, 65, 70, 80, 141), -- Kabutops
(80, 105, 65, 60, 75, 130, 142), -- Aerodactyl
(160, 110, 65, 65, 110, 30, 143),-- Snorlax
(91, 134, 95, 100, 100, 80, 144),-- Articuno
(90, 90, 85, 125, 90, 100, 145), -- Zapdos
(90, 100, 90, 125, 85, 90, 146), -- Moltres
(100, 100, 100, 100, 100, 100, 147), -- Dragonair
(91, 134, 95, 100, 100, 80, 148),   -- Dragonite
(106, 110, 90, 154, 90, 130, 149),  -- Mewtwo
(100, 100, 100, 100, 100, 100, 150),-- Mew
(91, 134, 95, 100, 100, 80, 144);


INSERT INTO pokemon_has_types (idpokemon, idtypes) VALUES
(1, 5), (1, 8),            -- Bulbasaur: Grass, Poison
(2, 5), (2, 8),            -- Ivysaur: Grass, Poison
(3, 5), (3, 8),            -- Venusaur: Grass, Poison
(4, 3),                    -- Charmander: Fire
(5, 3),                    -- Charmeleon: Fire
(6, 3), (6, 10),           -- Charizard: Fire, Flying
(7, 4),                    -- Squirtle: Water (ajuste se necessário)
(8, 4),                    -- Wartortle: Water
(9, 4),                    -- Blastoise: Water
(10, 7),                   -- Caterpie: Bug
(11, 7),                   -- Metapod: Bug
(12, 7), (12, 10),         -- Butterfree: Bug, Flying
(13, 7), (13, 8),          -- Weedle: Bug, Poison
(14, 7), (14, 8),          -- Kakuna: Bug, Poison
(15, 7), (15, 8),          -- Beedrill: Bug, Poison
(16, 1), (16, 10),         -- Pidgey: Normal, Flying
(17, 1), (17, 10),         -- Pidgeotto: Normal, Flying
(18, 1), (18, 10),         -- Pidgeot: Normal, Flying
(19, 1),                   -- Rattata: Normal
(20, 1),                   -- Raticate: Normal
(21, 1), (21, 10),         -- Spearow: Normal, Flying
(22, 1), (22, 10),         -- Fearow: Normal, Flying
(23, 8),                   -- Ekans: Poison
(24, 8),                   -- Arbok: Poison
(25, 4),                   -- Pikachu: Electric
(26, 4),                   -- Raichu: Electric
(27, 9),                   -- Sandshrew: Ground
(28, 9),                   -- Sandslash: Ground
(29, 8),                   -- Nidoran♀: Poison
(30, 8),                   -- Nidorina: Poison
(31, 8), (31, 9),          -- Nidoqueen: Poison, Ground
(32, 8),                   -- Nidoran♂: Poison
(33, 8),                   -- Nidorino: Poison
(34, 8), (34, 9),          -- Nidoking: Poison, Ground
(35, 18),                  -- Clefairy: Fairy
(36, 18),                  -- Clefable: Fairy
(37, 3),                   -- Vulpix: Fire
(38, 3),                   -- Ninetales: Fire
(39, 1), (39, 18),         -- Jigglypuff: Normal, Fairy
(40, 1), (40, 18),         -- Wigglytuff: Normal, Fairy
(41, 8), (41, 10),         -- Zubat: Poison, Flying
(42, 8), (42, 10),         -- Golbat: Poison, Flying
(43, 5), (43, 8),          -- Oddish: Grass, Poison
(44, 5), (44, 8),          -- Gloom: Grass, Poison
(45, 5), (45, 8),          -- Vileplume: Grass, Poison
(46, 7), (46, 5),          -- Paras: Bug, Grass
(47, 7), (47, 5),          -- Parasect: Bug, Grass
(48, 7), (48, 8),          -- Venonat: Bug, Poison
(49, 7), (49, 8),          -- Venomoth: Bug, Poison
(50, 9),                   -- Diglett: Ground
(51, 9),                   -- Dugtrio: Ground
(52, 1),                   -- Meowth: Normal
(53, 1),                   -- Persian: Normal
(54, 5), (54, 3),          -- Psyduck: Water, (ajuste tipo água)
(55, 5),                   -- Golduck: Water
(56, 13),                  -- Mankey: Fighting
(57, 13),                  -- Primeape: Fighting
(58, 3),                   -- Growlithe: Fire
(59, 3),                   -- Arcanine: Fire
(60, 3), (60, 9),          -- Poliwag: Water, Ground
(61, 3), (61, 9),          -- Poliwhirl: Water, Ground
(62, 3), (62, 13),         -- Poliwrath: Water, Fighting
(63, 14),                  -- Abra: Psychic
(64, 14),                  -- Kadabra: Psychic
(65, 14),                  -- Alakazam: Psychic
(66, 13),                  -- Machop: Fighting
(67, 13),                  -- Machoke: Fighting
(68, 13),                  -- Machamp: Fighting
(69, 5), (69, 8),          -- Bellsprout: Grass, Poison
(70, 5), (70, 8),          -- Weepinbell: Grass, Poison
(71, 5), (71, 8),          -- Victreebel: Grass, Poison
(72, 3), (72, 8),          -- Tentacool: Water, Poison
(73, 3), (73, 8),          -- Tentacruel: Water, Poison
(74, 13), (74, 9),         -- Geodude: Rock, Ground
(75, 13), (75, 9),         -- Graveler: Rock, Ground
(76, 13), (76, 9),         -- Golem: Rock, Ground
(77, 3),                   -- Ponyta: Fire
(78, 3),                   -- Rapidash: Fire
(79, 3), (79, 14),         -- Slowpoke: Water, Psychic
(80, 3), (80, 14),         -- Slowbro: Water, Psychic
(81, 4), (81, 17),         -- Magnemite: Electric, Steel
(82, 4), (82, 17),         -- Magneton: Electric, Steel
(83, 1), (83, 10),         -- Farfetch'd: Normal, Flying
(84, 1), (84, 10),         -- Doduo: Normal, Flying
(85, 1), (85, 10),         -- Dodrio: Normal, Flying
(86, 13),                  -- Seel: Water
(87, 13),                  -- Dewgong: Water
(88, 1),                   -- Grimer: Poison
(89, 1),                   -- Muk: Poison
(90, 3),                   -- Shellder: Water
(91, 3),                   -- Cloyster: Water, Ice (ajuste para Ice)
(92, 1),                   -- Gastly: Ghost, Poison (ajuste para Ghost)
(93, 1),                   -- Haunter: Ghost, Poison (ajuste para Ghost)
(94, 1),                   -- Gengar: Ghost, Poison (ajuste para Ghost)
(95, 1),                   -- Onix: Rock, Ground
(96, 1),                   -- Drowzee: Psychic
(97, 1),                   -- Hypno: Psychic
(98, 5),                   -- Krabby: Water
(99, 5),                   -- Kingler: Water
(100, 5),                  -- Voltorb: Electric
(101, 5),                  -- Electrode: Electric
(102, 5),                  -- Exeggcute: Grass, Psychic
(103, 5),                  -- Exeggutor: Grass, Psychic
(104, 3),                  -- Cubone: Ground
(105, 3),                  -- Marowak: Ground
(106, 3),                  -- Hitmonlee: Fighting
(107, 3),                  -- Hitmonchan: Fighting
(108, 1),                  -- Lickitung: Normal
(109, 1),                  -- Koffing: Poison
(110, 1),                  -- Weezing: Poison
(111, 3),                  -- Rhyhorn: Ground, Rock
(112, 3),                  -- Rhydon: Ground, Rock
(113, 5),                  -- Chansey: Normal
(114, 3),                  -- Tangela: Grass
(115, 1),                  -- Kangaskhan: Normal
(116, 3),                  -- Horsea: Water
(117, 3),                  -- Seadra: Water
(118, 3),                  -- Goldeen: Water
(119, 3),                  -- Seaking: Water
(120, 3),                  -- Staryu: Water
(121, 3),                  -- Starmie: Water, Psychic
(122, 1),                  -- Mr. Mime: Psychic, Fairy (ajuste para Fairy)
(123, 3),                  -- Scyther: Bug, Flying
(124, 13),                 -- Jynx: Ice, Psychic (ajuste para Ice)
(125, 13),                 -- Electabuzz: Electric
(126, 1),                  -- Magmar: Fire
(127, 13),                 -- Pinsir: Bug
(128, 3),                  -- Tauros: Normal
(129, 3),                  -- Magikarp: Water
(130, 3),                  -- Gyarados: Water, Flying
(131, 3),                  -- Lapras: Water, Ice
(132, 5),                  -- Ditto: Normal
(133, 1),                  -- Eevee: Normal
(134, 13),                 -- Vaporeon: Water
(135, 3),                  -- Jolteon: Electric
(136, 3),                  -- Flareon: Fire
(137, 3),                  -- Porygon: Normal
(138, 5),                  -- Omanyte: Rock, Water
(139, 5),                  -- Omastar: Rock, Water
(140, 3),                  -- Kabuto: Rock, Water
(141, 3),                  -- Kabutops: Rock, Water
(142, 1),                  -- Aerodactyl: Rock, Flying
(143, 3),                  -- Snorlax: Normal
(144, 3),                  -- Articuno: Ice, Flying
(145, 4),                  -- Zapdos: Electric, Flying
(146, 3),                  -- Moltres: Fire, Flying
(147, 14),                 -- Dratini: Dragon
(148, 14),                 -- Dragonair: Dragon
(149, 14),                 -- Dragonite: Dragon, Flying
(150, 13),                 -- Mewtwo: Psychic
(151, 18);                 -- Mew: Psychic, Fairy (ajuste para Fairy)


INSERT INTO `banco_pokemon`.`usuario` (email, senha, Tipo) VALUES
('ash.ketchum@poke.com', '$2y$10$U8FzMQRoRccurTVjo1f8kudM4Y6xC7dT64N4ZtXPB7toKRdmEimre', 'C'), -- pikachu123
('misty.waterflower@poke.com', '$2y$10$R9hnJKqVvNVmZPccTFfR8ukfJQ8rgILYZUNIEc1ZB6O2Mk80OB7Qa', 'C'), -- misty456
('brock.stone@poke.com', '$2y$10$BdTxDRn3btWG7XogI01hZeg3mUe7GJPw8GuI08PY1jN9wDYwFIFNu', 'C'), -- onix789
('gary.oak@poke.com', '$2y$10$A/1jydkiEJTx1iUSz3kKzO8A3Kfv1MCTjcnCO3idLSkiMG71rTqKO', 'C'), -- rival321
('serena.kalos@poke.com', '$2y$10$1O3tFK4hwFtMf53J/Vr41eQlvTtU0s2WbFMnkkz0ymNgcCAhP8u0K', 'C'), -- fennekin007
('may.hoen@poke.com', '$2y$10$Uj1nh3X5ALMBDFQJXZ2I2.YsUaqrICqAcAmZ4PuCkeQ0MrgwDsGEK', 'C'), -- torchic321
('dawn.sinnoh@poke.com', '$2y$10$R0N6cuvE1n2EqKGoCLXfFup6aOT2bZ.FV8eIVUlu11aVK.C8MfW1C', 'C'), -- piplup999
('iris.unova@poke.com', '$2y$10$lyEerxNv6gUGkTIqQJmpH.hv0BeJ3sKMwSgWaLVVuUwMTLWBWIo02', 'C'); -- axew001

INSERT INTO `banco_pokemon`.`suporte` (reclamacao, sugestao, idusuario) VALUES
('Não consigo logar no app', NULL, 1),
(NULL, 'Adicionar mais pokémons regionais', 2),
('Aplicativo fecha inesperadamente', NULL, 3),
(NULL, 'Melhorar o sistema de batalhas', 4),
('Erro ao carregar perfil', NULL, 5),
(NULL, 'Implementar modo escuro', 6),
('Problema na atualização do jogo', NULL, 7),
(NULL, 'Mais eventos semanais', 8),
('Falta notificação de eventos', NULL, 1),
(NULL, 'Adicionar chat entre jogadores', 2),
('Muitos bugs no sistema de troca', NULL, 3),
(NULL, 'Melhorar a interface mobile', 4),
('Recompensas não são entregues', NULL, 5),
(NULL, 'Suporte em português', 6),
('Sistema de rank travando', NULL, 7),
(NULL, 'Adicionar tutorial para iniciantes', 8),
('Problemas ao conectar com o servidor', NULL, 1),
(NULL, 'Mais desafios diários', 2),
('Dificuldade em encontrar pokémons raros', NULL, 3),
(NULL, 'Mais opções de personalização', 4);

INSERT INTO `banco_pokemon`.`treinador` (nome, idade, genero, cidade, regiao, time_atual, data_cadastro, idpokemon) VALUES
('Ash Ketchum', 10, 'Masculino', 'Pallet Town', 'Kanto', 'Pikachu, Bulbasaur, Charizard', '2023-06-01', 1),
('Misty Waterflower', 12, 'Feminino', 'Cerulean City', 'Kanto', 'Starmie, Psyduck, Gyarados', '2023-06-02', 2),
('Brock Stone', 15, 'Masculino', 'Pewter City', 'Kanto', 'Onix, Geodude, Vulpix', '2023-06-03', 3),
('Gary Oak', 12, 'Masculino', 'Pallet Town', 'Kanto', 'Blastoise, Arcanine, Umbreon', '2023-06-04', 4),
('Serena Kalos', 14, 'Feminino', 'Vaniville Town', 'Kalos', 'Fennekin, Sylveon, Gogoat', '2023-06-05', 5),
('May Hoenn', 12, 'Feminino', 'Petalburg City', 'Hoenn', 'Torchic, Beautifly, Sableye', '2023-06-06', 6),
('Dawn Sinnoh', 12, 'Feminino', 'Twinleaf Town', 'Sinnoh', 'Piplup, Pachirisu, Buneary', '2023-06-07', 7),
('Iris Unova', 14, 'Feminino', 'Mistralton City', 'Unova', 'Axew, Druddigon, Excadrill', '2023-06-08', 8),
('Cilan Unova', 14, 'Masculino', 'Striaton City', 'Unova', 'Pansear, Leavanny, Stoutland', '2023-06-09', 9),
('Hilda Unova', 15, 'Feminino', 'Castelia City', 'Unova', 'Snivy, Audino, Mienshao', '2023-06-10', 10),
('Red Kanto', 11, 'Masculino', 'Pallet Town', 'Kanto', 'Charizard, Snorlax, Gyarados', '2023-06-11', 11),
('Blue Kanto', 12, 'Masculino', 'Pallet Town', 'Kanto', 'Venusaur, Pidgeot, Alakazam', '2023-06-12', 12),
('Leaf Kanto', 11, 'Feminino', 'Pallet Town', 'Kanto', 'Meganium, Croconaw, Quilava', '2023-06-13', 13),
('Cynthia Sinnoh', 19, 'Feminino', 'Veilstone City', 'Sinnoh', 'Garchomp, Spiritomb, Milotic', '2023-06-14', 14),
('Steven Hoenn', 20, 'Masculino', 'Mauville City', 'Hoenn', 'Metagross, Aggron, Claydol', '2023-06-15', 15),
('Wallace Hoenn', 25, 'Masculino', 'Sootopolis City', 'Hoenn', 'Milotic, Gyarados, Ludicolo', '2023-06-16', 16),
('Barry Sinnoh', 12, 'Masculino', 'Twinleaf Town', 'Sinnoh', 'Infernape, Torterra, Staraptor', '2023-06-17', 17),
('Elesa Unova', 22, 'Feminino', 'Nimbasa City', 'Unova', 'Emolga, Zebstrika, Galvantula', '2023-06-18', 18),
('N Unova', 19, 'Masculino', 'Driftveil City', 'Unova', 'Zoroark, Hydreigon, Archeops', '2023-06-19', 19),
('Ghetsis Unova', 40, 'Masculino', 'Undella Town', 'Unova', 'Hydreigon, Bisharp, Seismitoad', '2023-06-20', 20),
('May Kanto', 15, 'Feminino', 'Viridian City', 'Kanto', 'Butterfree, Pidgeot, Tauros', '2023-06-21', 21),
('Lance Johto', 27, 'Masculino', 'Blackthorn City', 'Johto', 'Dragonite, Gyarados, Aerodactyl', '2023-06-22', 22),
('Whitney Johto', 23, 'Feminino', 'Goldenrod City', 'Johto', 'Miltank, Clefairy, Aipom', '2023-06-23', 23),
('Kris Johto', 13, 'Feminino', 'New Bark Town', 'Johto', 'Cyndaquil, Totodile, Chikorita', '2023-06-24', 24),
('Ethan Johto', 14, 'Masculino', 'New Bark Town', 'Johto', 'Feraligatr, Typhlosion, Meganium', '2023-06-25', 25),
('Silver Johto', 15, 'Masculino', 'New Bark Town', 'Johto', 'Feraligatr, Houndoom, Skarmory', '2023-06-26', 26),
('Rosa Unova', 13, 'Feminino', 'Nuvema Town', 'Unova', 'Serperior, Emboar, Samurott', '2023-06-27', 27),
('Hugh Unova', 14, 'Masculino', 'Aspertia City', 'Unova', 'Ferrothorn, Jellicent, Mienshao', '2023-06-28', 28),
('Cheren Unova', 14, 'Masculino', 'Aspertia City', 'Unova', 'Stoutland, Zoroark, Simisear', '2023-06-29', 29),
('Roxanne Hoenn', 20, 'Feminino', 'Rustboro City', 'Hoenn', 'Geodude, Nosepass, Meditite', '2023-06-30', 30),
('Flint Sinnoh', 28, 'Masculino', 'Eterna City', 'Sinnoh', 'Rapidash, Steelix, Infernape', '2023-07-01', 31),
('Gardenia Sinnoh', 22, 'Feminino', 'Eterna City', 'Sinnoh', 'Roserade, Turtwig, Cherubi', '2023-07-02', 32),
('Crasher Wake Sinnoh', 35, 'Masculino', 'Pastoria City', 'Sinnoh', 'Floatzel, Gyarados, Ludicolo', '2023-07-03', 33),
('Maylene Sinnoh', 20, 'Feminino', 'Veilstone City', 'Sinnoh', 'Lucario, Meditite, Machoke', '2023-07-04', 34),
('Volkner Sinnoh', 30, 'Masculino', 'Sunyshore City', 'Sinnoh', 'Luxray, Raichu, Electivire', '2023-07-05', 35),
('Marley Unova', 27, 'Masculino', 'Driftveil City', 'Unova', 'Vanilluxe, Sawsbuck, Basculin', '2023-07-06', 36),
('Elesa Unova', 22, 'Feminino', 'Nimbasa City', 'Unova', 'Emolga, Zebstrika, Galvantula', '2023-07-07', 37),
('Nessa Galar', 20, 'Feminino', 'Hulbury', 'Galar', 'Drednaw, Inteleon, Cursola', '2023-07-08', 38),
('Bede Galar', 16, 'Masculino', 'Wedgehurst', 'Galar', 'Rillaboom, Toxtricity, Hatterene', '2023-07-09', 39),
('Hop Galar', 14, 'Masculino', 'Postwick', 'Galar', 'Cinderace, Corviknight, Rillaboom', '2023-07-10', 40),
('Marnie Galar', 16, 'Feminino', 'Spikemuth', 'Galar', 'Talonflame, Grimmsnarl, Morpeko', '2023-07-11', 41),
('Raihan Galar', 25, 'Masculino', 'Hammerlocke', 'Galar', 'Dragapult, Flygon, Haxorus', '2023-07-12', 42),
('Leon Galar', 23, 'Masculino', 'Wyndon', 'Galar', 'Charizard, Aegislash, Dragapult', '2023-07-13', 43),
('Korrina Kalos', 17, 'Feminino', 'Shalour City', 'Kalos', 'Lucario, Hawlucha, Gardevoir', '2023-07-14', 44),
('Valerie Kalos', 19, 'Feminino', 'Laverre City', 'Kalos', 'Mawile, Florges, Sylveon', '2023-07-15', 45),
('Siebold Kalos', 22, 'Masculino', 'Coumarine City', 'Kalos', 'Gyarados, Milotic, Tentacruel', '2023-07-16', 46),
('Grant Hoenn', 23, 'Masculino', 'Rustboro City', 'Hoenn', 'Onix, Lairon, Aggron', '2023-07-17', 47),
('Winona Hoenn', 25, 'Feminino', 'Fortree City', 'Hoenn', 'Swellow, Altaria, Pelipper', '2023-07-18', 48),
('Juan Hoenn', 35, 'Masculino', 'Sootopolis City', 'Hoenn', 'Tentacruel, Crawdaunt, Sharpedo', '2023-07-19', 49),
('Phoebe Hoenn', 27, 'Feminino', 'Mossdeep City', 'Hoenn', 'Dusclops, Banette, Sableye', '2023-07-20', 50);

INSERT INTO `banco_pokemon`.`perfil` (`nome`, `pokemon_fav`, `descricao`, `idusuario`) VALUES
('TreinadorLeo', 'Charizard', 'Ama batalhas aéreas', 3),
('MestreAna', 'Gardevoir', 'Elegante e poderosa', 1),
('RangerCarlos', 'Lucario', 'Especialista em aura', 7),
('ExploradoraTina', 'Absol', 'Vê desastres chegando', 5),
('SamDoGelo', 'Glaceon', 'Frio e calculista', 2),
('BrunoFlame', 'Infernape', 'Ágil e determinado', 6),
('NinaSombria', 'Umbreon', 'Ama batalhas noturnas', 8),
('KaiRaio', 'Jolteon', 'Rápido como um raio', 4);

INSERT INTO `banco_pokemon`.`build` (`nome`, `idpokemon`) VALUES
('Build Veloz', 23),
('Build Tóxica', 89),
('Build Tank', 134),
('Build Crítico', 17),
('Build Fogo Furioso', 6),
('Build Congelante', 124),
('Build Sombria', 94),
('Build Aérea', 12),
('Build Terrestre', 112),
('Build Mística', 65),
('Build Psíquica', 150),
('Build Ágil', 3),
('Build Rocha Forte', 76),
('Build Dragão Alfa', 149),
('Build Vampírica', 42),
('Build Venenosa', 88),
('Build Relâmpago', 135),
('Build Gelo Cortante', 144),
('Build Metálica', 81),
('Build Espiritual', 93),
('Build Eco Leve', 26),
('Build Tempestade', 130),
('Build Planta Vida', 45),
('Build Lendária', 145),
('Build Selvagem', 59),
('Build Infernal', 38),
('Build Defesa Total', 111),
('Build Poder Bruto', 108),
('Build Explosiva', 146),
('Build Estratégica', 57);