-- MySQL Script generated by MySQL Workbench
-- qui 24 abr 2025 10:59:10
-- Model: New Model    Version: 1.0
-- MySQL Workbench Forward Engineering

SET @OLD_UNIQUE_CHECKS=@@UNIQUE_CHECKS, UNIQUE_CHECKS=0;
SET @OLD_FOREIGN_KEY_CHECKS=@@FOREIGN_KEY_CHECKS, FOREIGN_KEY_CHECKS=0;
SET @OLD_SQL_MODE=@@SQL_MODE, SQL_MODE='ONLY_FULL_GROUP_BY,STRICT_TRANS_TABLES,NO_ZERO_IN_DATE,NO_ZERO_DATE,ERROR_FOR_DIVISION_BY_ZERO,NO_ENGINE_SUBSTITUTION';

-- -----------------------------------------------------
-- Schema mydb
-- -----------------------------------------------------

-- -----------------------------------------------------
-- Schema mydb
-- -----------------------------------------------------
CREATE SCHEMA IF NOT EXISTS `mydb` DEFAULT CHARACTER SET utf8 ;
USE `mydb` ;

-- -----------------------------------------------------
-- Table `mydb`.`pokemon`
-- -----------------------------------------------------
CREATE TABLE IF NOT EXISTS `mydb`.`pokemon` (
  `idpokemon` INT NOT NULL AUTO_INCREMENT,
  `national` INT NOT NULL,
  `nome` VARCHAR(45) NOT NULL,
  `gen` INT NOT NULL,
  PRIMARY KEY (`idpokemon`),
  UNIQUE INDEX `idpokemon_UNIQUE` (`idpokemon` ASC) VISIBLE,
  UNIQUE INDEX `national_UNIQUE` (`national` ASC) VISIBLE)
ENGINE = InnoDB;


-- -----------------------------------------------------
-- Table `mydb`.`stats`
-- -----------------------------------------------------
CREATE TABLE IF NOT EXISTS `mydb`.`stats` (
  `idstats` INT NOT NULL AUTO_INCREMENT,
  `hp` INT NOT NULL,
  `attack` INT NOT NULL,
  `defense` INT NOT NULL,
  `sp_attack` INT NOT NULL,
  `sp_defense` INT NOT NULL,
  `speed` INT NOT NULL,
  `pokemon_idpokemon` INT NOT NULL,
  PRIMARY KEY (`idstats`),
  UNIQUE INDEX `idstats_UNIQUE` (`idstats` ASC) VISIBLE,
  INDEX `fk_stats_pokemon1_idx` (`pokemon_idpokemon` ASC) VISIBLE,
  CONSTRAINT `fk_stats_pokemon1`
    FOREIGN KEY (`pokemon_idpokemon`)
    REFERENCES `mydb`.`pokemon` (`idpokemon`)
    ON DELETE NO ACTION
    ON UPDATE NO ACTION)
ENGINE = InnoDB;


-- -----------------------------------------------------
-- Table `mydb`.`types`
-- -----------------------------------------------------
CREATE TABLE IF NOT EXISTS `mydb`.`types` (
  `idtypes` INT NOT NULL AUTO_INCREMENT,
  `nome` VARCHAR(45) NOT NULL,
  PRIMARY KEY (`idtypes`),
  UNIQUE INDEX `idtypes_UNIQUE` (`idtypes` ASC) VISIBLE)
ENGINE = InnoDB;


-- -----------------------------------------------------
-- Table `mydb`.`build`
-- -----------------------------------------------------
CREATE TABLE IF NOT EXISTS `mydb`.`build` (
  `idbuild` INT NOT NULL AUTO_INCREMENT,
  `nome` VARCHAR(45) NOT NULL,
  `pokemon_idpokemon` INT NOT NULL,
  PRIMARY KEY (`idbuild`),
  UNIQUE INDEX `idbuild_UNIQUE` (`idbuild` ASC) VISIBLE,
  INDEX `fk_build_pokemon1_idx` (`pokemon_idpokemon` ASC) VISIBLE,
  CONSTRAINT `fk_build_pokemon1`
    FOREIGN KEY (`pokemon_idpokemon`)
    REFERENCES `mydb`.`pokemon` (`idpokemon`)
    ON DELETE NO ACTION
    ON UPDATE NO ACTION)
ENGINE = InnoDB;


-- -----------------------------------------------------
-- Table `mydb`.`usuario`
-- -----------------------------------------------------
CREATE TABLE IF NOT EXISTS `mydb`.`usuario` (
  `idusuario` INT NOT NULL AUTO_INCREMENT,
  `email` VARCHAR(45) NOT NULL,
  `senha` VARCHAR(45) NOT NULL,
  PRIMARY KEY (`idusuario`),
  UNIQUE INDEX `idusuario_UNIQUE` (`idusuario` ASC) VISIBLE,
  UNIQUE INDEX `email_UNIQUE` (`email` ASC) VISIBLE)
ENGINE = InnoDB;


-- -----------------------------------------------------
-- Table `mydb`.`pokemon_has_types`
-- -----------------------------------------------------
CREATE TABLE IF NOT EXISTS `mydb`.`pokemon_has_types` (
  `pokemon_idpokemon` INT NOT NULL,
  `types_idtypes` INT NOT NULL,
  PRIMARY KEY (`pokemon_idpokemon`, `types_idtypes`),
  INDEX `fk_pokemon_has_types_types1_idx` (`types_idtypes` ASC) VISIBLE,
  INDEX `fk_pokemon_has_types_pokemon_idx` (`pokemon_idpokemon` ASC) VISIBLE,
  CONSTRAINT `fk_pokemon_has_types_pokemon`
    FOREIGN KEY (`pokemon_idpokemon`)
    REFERENCES `mydb`.`pokemon` (`idpokemon`)
    ON DELETE NO ACTION
    ON UPDATE NO ACTION,
  CONSTRAINT `fk_pokemon_has_types_types1`
    FOREIGN KEY (`types_idtypes`)
    REFERENCES `mydb`.`types` (`idtypes`)
    ON DELETE NO ACTION
    ON UPDATE NO ACTION)
ENGINE = InnoDB;


-- -----------------------------------------------------
-- Table `mydb`.`perfil`
-- -----------------------------------------------------
CREATE TABLE IF NOT EXISTS `mydb`.`perfil` (
  `idperfil` INT NOT NULL AUTO_INCREMENT,
  `nome` VARCHAR(45) NOT NULL,
  `pokemon_fav` VARCHAR(45) NULL,
  `descricao` VARCHAR(45) NULL,
  `usuario_idusuario` INT NOT NULL,
  PRIMARY KEY (`idperfil`),
  UNIQUE INDEX `idperfil_UNIQUE` (`idperfil` ASC) VISIBLE,
  UNIQUE INDEX `nome_UNIQUE` (`nome` ASC) VISIBLE,
  INDEX `fk_perfil_usuario1_idx` (`usuario_idusuario` ASC) VISIBLE,
  CONSTRAINT `fk_perfil_usuario1`
    FOREIGN KEY (`usuario_idusuario`)
    REFERENCES `mydb`.`usuario` (`idusuario`)
    ON DELETE NO ACTION
    ON UPDATE NO ACTION)
ENGINE = InnoDB;


-- -----------------------------------------------------
-- Table `mydb`.`suporte`
-- -----------------------------------------------------
CREATE TABLE IF NOT EXISTS `mydb`.`suporte` (
  `idsuporte` INT NOT NULL AUTO_INCREMENT,
  `reclamacao` VARCHAR(150) NULL,
  `sugestao` VARCHAR(150) NULL,
  `usuario_idusuario` INT NOT NULL,
  PRIMARY KEY (`idsuporte`),
  UNIQUE INDEX `idsuporte_UNIQUE` (`idsuporte` ASC) VISIBLE,
  INDEX `fk_suporte_usuario1_idx` (`usuario_idusuario` ASC) VISIBLE,
  CONSTRAINT `fk_suporte_usuario1`
    FOREIGN KEY (`usuario_idusuario`)
    REFERENCES `mydb`.`usuario` (`idusuario`)
    ON DELETE NO ACTION
    ON UPDATE NO ACTION)
ENGINE = InnoDB;


SET SQL_MODE=@OLD_SQL_MODE;
SET FOREIGN_KEY_CHECKS=@OLD_FOREIGN_KEY_CHECKS;
SET UNIQUE_CHECKS=@OLD_UNIQUE_CHECKS;

INSERT INTO types (nome) VALUES
('Normal'),
('Fire'),
('Water'),
('Electric'),
('Grass'),
('Ice'),
('Fighting'),
('Poison'),
('Ground'),
('Flying'),
('Psychic'),
('Bug'),
('Rock'),
('Ghost'),
('Dragon');


INSERT INTO pokemon (national, nome, gen) VALUES
(1, 'Bulbasaur', 1),
(2, 'Ivysaur', 1),
(3, 'Venusaur', 1),
(4, 'Charmander', 1),
(5, 'Charmeleon', 1),
(6, 'Charizard', 1),
(7, 'Squirtle', 1),
(8, 'Wartortle', 1),
(9, 'Blastoise', 1),
(10, 'Caterpie', 1),
(11, 'Metapod', 1),
(12, 'Butterfree', 1),
(13, 'Weedle', 1),
(14, 'Kakuna', 1),
(15, 'Beedrill', 1),
(16, 'Pidgey', 1),
(17, 'Pidgeotto', 1),
(18, 'Pidgeot', 1),
(19, 'Rattata', 1),
(20, 'Raticate', 1),
(21, 'Spearow', 1),
(22, 'Fearow', 1),
(23, 'Ekans', 1),
(24, 'Arbok', 1),
(25, 'Pikachu', 1),
(26, 'Raichu', 1),
(27, 'Sandshrew', 1),
(28, 'Sandslash', 1),
(29, 'Nidoran♀', 1),
(30, 'Nidorina', 1),
(31, 'Nidoqueen', 1),
(32, 'Nidoran♂', 1),
(33, 'Nidorino', 1),
(34, 'Nidoking', 1),
(35, 'Clefairy', 1),
(36, 'Clefable', 1),
(37, 'Vulpix', 1),
(38, 'Ninetales', 1),
(39, 'Jigglypuff', 1),
(40, 'Wigglytuff', 1),
(41, 'Zubat', 1),
(42, 'Golbat', 1),
(43, 'Oddish', 1),
(44, 'Gloom', 1),
(45, 'Vileplume', 1),
(46, 'Paras', 1),
(47, 'Parasect', 1),
(48, 'Venonat', 1),
(49, 'Venomoth', 1),
(50, 'Diglett', 1),
(51, 'Dugtrio', 1),
(52, 'Meowth', 1),
(53, 'Persian', 1),
(54, 'Psyduck', 1),
(55, 'Golduck', 1),
(56, 'Mankey', 1),
(57, 'Primeape', 1),
(58, 'Growlithe', 1),
(59, 'Arcanine', 1),
(60, 'Poliwag', 1),
(61, 'Poliwhirl', 1),
(62, 'Poliwrath', 1),
(63, 'Abra', 1),
(64, 'Kadabra', 1),
(65, 'Alakazam', 1),
(66, 'Machop', 1),
(67, 'Machoke', 1),
(68, 'Machamp', 1),
(69, 'Bellsprout', 1),
(70, 'Weepinbell', 1),
(71, 'Victreebel', 1),
(72, 'Tentacool', 1),
(73, 'Tentacruel', 1),
(74, 'Geodude', 1),
(75, 'Graveler', 1),
(76, 'Golem', 1),
(77, 'Ponyta', 1),
(78, 'Rapidash', 1),
(79, 'Slowpoke', 1),
(80, 'Slowbro', 1),
(81, 'Magnemite', 1),
(82, 'Magneton', 1),
(83, 'Farfetch’d', 1),
(84, 'Doduo', 1),
(85, 'Dodrio', 1),
(86, 'Seel', 1),
(87, 'Dewgong', 1),
(88, 'Grimer', 1),
(89, 'Muk', 1),
(90, 'Shellder', 1),
(91, 'Cloyster', 1),
(92, 'Gastly', 1),
(93, 'Haunter', 1),
(94, 'Gengar', 1),
(95, 'Onix', 1),
(96, 'Drowzee', 1),
(97, 'Hypno', 1),
(98, 'Krabby', 1),
(99, 'Kingler', 1),
(100, 'Voltorb', 1),
(101, 'Electrode', 1),
(102, 'Exeggcute', 1),
(103, 'Exeggutor', 1),
(104, 'Cubone', 1),
(105, 'Marowak', 1),
(106, 'Hitmonlee', 1),
(107, 'Hitmonchan', 1),
(108, 'Lickitung', 1),
(109, 'Koffing', 1),
(110, 'Weezing', 1),
(111, 'Rhyhorn', 1),
(112, 'Rhydon', 1),
(113, 'Chansey', 1),
(114, 'Tangela', 1),
(115, 'Kangaskhan', 1),
(116, 'Horsea', 1),
(117, 'Seadra', 1),
(118, 'Goldeen', 1),
(119, 'Seaking', 1),
(120, 'Staryu', 1),
(121, 'Starmie', 1),
(122, 'Mr. Mime', 1),
(123, 'Scyther', 1),
(124, 'Jynx', 1),
(125, 'Electabuzz', 1),
(126, 'Magmar', 1),
(127, 'Pinsir', 1),
(128, 'Tauros', 1),
(129, 'Magikarp', 1),
(130, 'Gyarados', 1),
(131, 'Lapras', 1),
(132, 'Ditto', 1),
(133, 'Eevee', 1),
(134, 'Vaporeon', 1),
(135, 'Jolteon', 1),
(136, 'Flareon', 1),
(137, 'Porygon', 1),
(138, 'Omanyte', 1),
(139, 'Omastar', 1),
(140, 'Kabuto', 1),
(141, 'Kabutops', 1),
(142, 'Aerodactyl', 1),
(143, 'Snorlax', 1),
(144, 'Articuno', 1),
(145, 'Zapdos', 1),
(146, 'Moltres', 1),
(147, 'Dratini', 1),
(148, 'Dragonair', 1),
(149, 'Dragonite', 1),
(150, 'Mewtwo', 1),
(151, 'Mew', 1);

-- Pokémon 1 a 50
INSERT INTO stats (hp, attack, defense, sp_attack, sp_defense, speed, pokemon_idpokemon) VALUES
(45, 49, 49, 65, 65, 45, 1),    -- Bulbasaur
(60, 62, 63, 80, 80, 60, 2),    -- Ivysaur
(80, 82, 83, 100, 100, 80, 3),  -- Venusaur
(39, 52, 43, 60, 50, 65, 4),    -- Charmander
(58, 64, 58, 80, 65, 80, 5),    -- Charmeleon
(78, 84, 78, 109, 85, 100, 6),  -- Charizard
(44, 48, 65, 50, 64, 43, 7),    -- Squirtle
(59, 63, 80, 65, 80, 58, 8),    -- Wartortle
(79, 83, 100, 85, 105, 78, 9),  -- Blastoise
(45, 30, 35, 20, 20, 45, 10),   -- Caterpie
(50, 20, 55, 25, 25, 30, 11),   -- Metapod
(60, 45, 50, 90, 80, 70, 12),   -- Butterfree
(40, 35, 30, 20, 20, 50, 13),   -- Weedle
(45, 25, 50, 25, 25, 35, 14),   -- Kakuna
(65, 90, 40, 45, 80, 75, 15),   -- Beedrill
(40, 45, 40, 35, 35, 56, 16),   -- Pidgey
(63, 60, 55, 50, 50, 71, 17),   -- Pidgeotto
(83, 80, 75, 70, 70, 101, 18),  -- Pidgeot
(30, 56, 35, 25, 35, 72, 19),   -- Rattata
(55, 81, 60, 50, 70, 97, 20),   -- Raticate
(40, 60, 30, 31, 31, 70, 21),   -- Spearow
(65, 90, 65, 61, 61, 100, 22),  -- Fearow
(35, 60, 44, 40, 54, 55, 23),   -- Ekans
(60, 85, 69, 65, 79, 80, 24),   -- Arbok
(35, 55, 40, 50, 50, 90, 25),   -- Pikachu
(60, 90, 55, 90, 80, 110, 26),  -- Raichu
(50, 75, 85, 20, 30, 40, 27),   -- Sandshrew
(75, 100, 110, 45, 55, 65, 28), -- Sandslash
(55, 47, 52, 40, 40, 41, 29),   -- Nidoran♀
(70, 62, 67, 55, 55, 56, 30),   -- Nidorina
(90, 92, 87, 75, 85, 76, 31),   -- Nidoqueen
(46, 57, 40, 40, 40, 50, 32),   -- Nidoran♂
(61, 72, 57, 55, 55, 65, 33),   -- Nidorino
(81, 102, 77, 85, 75, 85, 34),  -- Nidoking
(70, 45, 48, 60, 65, 35, 35),   -- Clefairy
(95, 70, 73, 95, 90, 60, 36),   -- Clefable
(38, 41, 40, 50, 65, 65, 37),   -- Vulpix
(73, 76, 75, 81, 100, 100, 38), -- Ninetales
(115, 45, 20, 45, 25, 20, 39),  -- Jigglypuff
(140, 70, 45, 85, 50, 45, 40),  -- Wigglytuff
(40, 45, 35, 30, 40, 55, 41),   -- Zubat
(75, 80, 70, 65, 75, 90, 42),   -- Golbat
(45, 50, 55, 75, 65, 30, 43),   -- Oddish
(60, 65, 70, 85, 75, 40, 44),   -- Gloom
(75, 80, 85, 110, 90, 50, 45),  -- Vileplume
(35, 70, 55, 45, 55, 25, 46),   -- Paras
(60, 95, 80, 60, 80, 30, 47),   -- Parasect
(60, 55, 50, 40, 55, 45, 48),   -- Venonat
(70, 65, 60, 90, 75, 90, 49),   -- Venomoth
(10, 55, 25, 35, 45, 95, 50),   -- Diglett
(35, 100, 50, 50, 70, 120, 51),  -- Dugtrio
(40, 45, 35, 40, 40, 90, 52),    -- Meowth
(65, 70, 60, 65, 65, 115, 53),   -- Persian
(50, 52, 48, 65, 50, 55, 54),    -- Psyduck
(80, 82, 78, 95, 80, 85, 55),    -- Golduck
(40, 80, 35, 35, 45, 70, 56),    -- Mankey
(65, 105, 60, 60, 70, 95, 57),   -- Primeape
(50, 75, 85, 20, 30, 40, 58),    -- Growlithe
(90, 110, 80, 100, 80, 95, 59),  -- Arcanine
(40, 45, 35, 70, 55, 70, 60),    -- Poliwag
(65, 65, 65, 50, 50, 90, 61),    -- Poliwhirl
(90, 95, 95, 70, 90, 70, 62),    -- Poliwrath
(25, 20, 15, 105, 55, 90, 63),   -- Abra
(40, 35, 30, 120, 70, 105, 64),  -- Kadabra
(55, 50, 45, 135, 95, 120, 65),  -- Alakazam
(60, 60, 75, 50, 75, 30, 66),    -- Machop
(80, 100, 70, 50, 70, 45, 67),   -- Machoke
(90, 130, 80, 65, 85, 55, 68),   -- Machamp
(50, 50, 40, 40, 40, 90, 69),    -- Bellsprout
(65, 65, 55, 85, 70, 90, 70),    -- Weepinbell
(80, 105, 65, 100, 70, 70, 71),  -- Victreebel
(40, 40, 35, 50, 100, 70, 72),   -- Tentacool
(80, 70, 65, 80, 120, 100, 73),  -- Tentacruel
(40, 80, 100, 30, 30, 20, 74),   -- Geodude
(55, 95, 115, 45, 45, 35, 75),   -- Graveler
(80, 120, 130, 55, 65, 45, 76),  -- Golem
(50, 65, 64, 44, 48, 43, 77),    -- Ponyta
(65, 100, 70, 80, 80, 105, 78),  -- Rapidash
(65, 45, 55, 45, 70, 45, 79),    -- Slowpoke
(95, 75, 110, 100, 80, 30, 80),  -- Slowbro
(25, 35, 70, 95, 55, 45, 81),    -- Magnemite
(50, 60, 95, 120, 70, 70, 82),   -- Magneton
(52, 65, 55, 58, 62, 60, 83),    -- Farfetch’d
(35, 85, 45, 35, 35, 75, 84),    -- Doduo
(60, 110, 70, 60, 60, 100, 85),  -- Dodrio
(65, 60, 70, 85, 75, 40, 86),    -- Seel
(90, 70, 80, 95, 95, 70, 87),    -- Dewgong
(80, 80, 50, 40, 50, 25, 88),    -- Grimer
(65, 90, 75, 65, 100, 50, 89),   -- Muk
(40, 45, 65, 100, 120, 90, 90),  -- Shellder
(50, 95, 180, 85, 45, 70, 91),   -- Cloyster
(30, 65, 100, 45, 25, 40, 92),   -- Gastly
(45, 50, 45, 115, 55, 95, 93),   -- Haunter
(60, 65, 60, 130, 75, 110, 94),  -- Gengar
(35, 60, 44, 40, 54, 55, 95),    -- Onix
(50, 50, 95, 40, 50, 35, 96),    -- Drowzee
(85, 73, 70, 73, 115, 67, 97),   -- Hypno
(60, 65, 60, 130, 75, 110, 98),  -- Krabby
(55, 130, 115, 50, 50, 75, 99),  -- Kingler
(40, 30, 50, 55, 55, 100, 100),  -- Voltorb
(60, 50, 70, 80, 80, 140, 101),   -- Electrode
(65, 83, 57, 95, 85, 105, 102),  -- Exeggcute
(95, 95, 85, 125, 75, 55, 103),  -- Exeggutor
(65, 55, 95, 60, 45, 85, 104),   -- Cubone
(60, 80, 110, 50, 80, 45, 105),  -- Marowak
(130, 85, 80, 85, 95, 60, 106),  -- Hitmonlee
(50, 105, 79, 35, 110, 76, 107), -- Hitmonchan
(90, 75, 75, 70, 70, 100, 108),  -- Lickitung
(40, 80, 100, 30, 30, 20, 109),  -- Koffing
(65, 90, 120, 85, 70, 60, 110),  -- Weezing
(60, 85, 60, 50, 50, 125, 111),  -- Rhyhorn
(105, 130, 120, 45, 45, 40, 112),-- Rhydon
(30, 65, 100, 45, 25, 40, 113),  -- Chansey
(65, 60, 70, 85, 75, 40, 114),   -- Tangela
(65, 130, 60, 95, 110, 65, 115), -- Kangaskhan
(65, 60, 70, 85, 75, 90, 116),   -- Horsea
(55, 65, 95, 95, 95, 85, 117),   -- Seadra
(45, 67, 60, 35, 50, 63, 118),   -- Goldeen
(80, 92, 65, 65, 80, 68, 119),   -- Seaking
(75, 95, 95, 85, 95, 85, 120),   -- Staryu
(60, 75, 85, 100, 85, 115, 121), -- Starmie
(130, 65, 60, 110, 95, 65, 122), -- Mr. Mime
(65, 55, 115, 100, 40, 60, 123), -- Scyther
(65, 50, 70, 80, 80, 105, 124),  -- Jynx
(65, 83, 57, 95, 85, 105, 125),  -- Electabuzz
(65, 95, 57, 100, 85, 93, 126),  -- Magmar
(65, 55, 115, 100, 40, 60, 127), -- Pinsir
(75, 100, 95, 40, 60, 45, 128),  -- Tauros
(250, 5, 5, 35, 105, 50, 129),   -- Magikarp
(95, 125, 79, 60, 100, 81, 130), -- Gyarados
(130, 85, 80, 85, 95, 60, 131),  -- Lapras
(48, 48, 48, 48, 48, 48, 132),   -- Ditto
(190, 33, 58, 33, 58, 33, 133),  -- Eevee
(130, 65, 60, 110, 95, 65, 134), -- Vaporeon
(65, 65, 60, 130, 95, 110, 135), -- Jolteon
(65, 130, 60, 95, 110, 65, 136), -- Flareon
(65, 60, 70, 85, 75, 90, 137),   -- Porygon
(105, 95, 80, 40, 80, 90, 138),  -- Omanyte
(70, 60, 125, 115, 70, 55, 139), -- Omastar
(30, 80, 90, 55, 45, 55, 140),   -- Kabuto
(60, 115, 105, 65, 70, 80, 141), -- Kabutops
(80, 105, 65, 60, 75, 130, 142), -- Aerodactyl
(160, 110, 65, 65, 110, 30, 143),-- Snorlax
(91, 134, 95, 100, 100, 80, 144),-- Articuno
(90, 90, 85, 125, 90, 100, 145), -- Zapdos
(90, 100, 90, 125, 85, 90, 146), -- Moltres
(100, 100, 100, 100, 100, 100, 147), -- Dragonair
(91, 134, 95, 100, 100, 80, 148),   -- Dragonite
(106, 110, 90, 154, 90, 130, 149),  -- Mewtwo
(100, 100, 100, 100, 100, 100, 150); -- Mew